{
  "hash": "82374304",
  "configHash": "35b9b0c1",
  "lockfileHash": "12eb0eaa",
  "browserHash": "a3376f8d",
  "optimized": {
    "@angular/common": {
      "src": "../../../../../../node_modules/@angular/common/fesm2022/common.mjs",
      "file": "@angular_common.js",
      "fileHash": "c8bfface",
      "needsInterop": false
    },
    "@angular/core": {
      "src": "../../../../../../node_modules/@angular/core/fesm2022/core.mjs",
      "file": "@angular_core.js",
      "fileHash": "f8b2f01b",
      "needsInterop": false
    },
    "@angular/fire/app": {
      "src": "../../../../../../node_modules/@angular/fire/fesm2022/angular-fire-app.mjs",
      "file": "@angular_fire_app.js",
      "fileHash": "4e036250",
      "needsInterop": false
    },
    "@angular/fire/auth": {
      "src": "../../../../../../node_modules/@angular/fire/fesm2022/angular-fire-auth.mjs",
      "file": "@angular_fire_auth.js",
      "fileHash": "a0b2f31b",
      "needsInterop": false
    },
    "@angular/forms": {
      "src": "../../../../../../node_modules/@angular/forms/fesm2022/forms.mjs",
      "file": "@angular_forms.js",
      "fileHash": "d8fee81b",
      "needsInterop": false
    },
    "@angular/platform-browser": {
      "src": "../../../../../../node_modules/@angular/platform-browser/fesm2022/platform-browser.mjs",
      "file": "@angular_platform-browser.js",
      "fileHash": "de2a1add",
      "needsInterop": false
    },
    "@angular/router": {
      "src": "../../../../../../node_modules/@angular/router/fesm2022/router.mjs",
      "file": "@angular_router.js",
      "fileHash": "fd2e5611",
      "needsInterop": false
    },
    "rxjs": {
      "src": "../../../../../../node_modules/rxjs/dist/esm5/index.js",
      "file": "rxjs.js",
      "fileHash": "fd88b5e5",
      "needsInterop": false
    },
    "rxjs/operators": {
      "src": "../../../../../../node_modules/rxjs/dist/esm5/operators/index.js",
      "file": "rxjs_operators.js",
      "fileHash": "373220f7",
      "needsInterop": false
    }
  },
  "chunks": {
    "chunk-EHHFMZV5": {
      "file": "chunk-EHHFMZV5.js"
    },
    "chunk-XEOM2C7Q": {
      "file": "chunk-XEOM2C7Q.js"
    },
    "chunk-ZH5M45KF": {
      "file": "chunk-ZH5M45KF.js"
    },
    "chunk-RZPQY4SY": {
      "file": "chunk-RZPQY4SY.js"
    },
    "chunk-GPSQ5M6N": {
      "file": "chunk-GPSQ5M6N.js"
    },
    "chunk-XWQILUYW": {
      "file": "chunk-XWQILUYW.js"
    },
    "chunk-5BO3TGSO": {
      "file": "chunk-5BO3TGSO.js"
    }
  }
}